{
    "loss": 10.716323852539062,
    "accuracy": 0.690983235836029
}