{
    "loss": 36.69483947753906,
    "accuracy": 0.690077006816864
}