{
    "loss": 8.308453559875488,
    "accuracy": 0.6950611472129822
}