{
    "loss": 3.910142421722412,
    "accuracy": 0.766198456287384
}